<?xml version="1.0" encoding="UTF-8"?>
<project-private xmlns="http://www.netbeans.org/ns/project-private/1">
    <editor-bookmarks xmlns="http://www.netbeans.org/ns/editor-bookmarks/2" lastBookmarkId="0"/>
    <open-files xmlns="http://www.netbeans.org/ns/projectui-open-files/2">
        <group>
            <file>file:/D:/1.MOST%20IMPORTANT%20THING%20I%20HAVE/Event%20Kampus/src/Eventkampus/RegisterEvent.java</file>
            <file>file:/D:/1.MOST%20IMPORTANT%20THING%20I%20HAVE/Event%20Kampus/src/Eventkampus/CobaTabel.java</file>
            <file>file:/D:/1.MOST%20IMPORTANT%20THING%20I%20HAVE/Event%20Kampus/src/Eventkampus/dashboardseminar.java</file>
            <file>file:/D:/1.MOST%20IMPORTANT%20THING%20I%20HAVE/Event%20Kampus/src/Eventkampus/DBConnection.java</file>
        </group>
    </open-files>
</project-private>
